Datum,Baum,Umfang_10cm,Umfang_1m,Blattlaenge,Gewicht,Farbe,Standort,Frassspuren,Fundort
28.10.20,Birke,103,85,38,1,gelb,Stadtrand,nein,Baum
28.10.20,Buche,230,210,95,1,braun,Stadtrand,Ja,Boden
28.10.20,Ahorn,180,155,84,2,gelb,Stadtrand,nein,Boden
28.10.20,Birke,103,85,40,1,gelb,Stadtrand,nein,Boden
28.10.20,Ahorn,25,20,59,2,braun,Stadtrand,nein,Boden
28.10.20,Ahorn,55,34,105,3,gelb,Stadtrand,Ja,Baum
28.10.20,Ahorn,116,91,96,2,gelb,Stadtrand,nein,Boden
28.10.20,Birke,134,99,55,1,gruen,Stadtrand,Ja,Baum
28.10.20,Eiche,22,18,66,2,braun,Stadtrand,nein,Boden
28.10.20,Eiche,23,18,69,2,braun,Stadtrand,nein,Baum
07.11.20,Birke,76,56,73,0.3,braun,Stadtrand,nein,Baum
07.11.20,Eiche,160,120,95,1,gruen,Stadtrand,nein,Boden
07.11.20,Linde,300,255,105,0.6,gelb,Waldrand,nein,Boden
07.11.20,Ahorn,113.5,102.5,121,0.5,gelb,Stadtrand,nein,Boden
07.11.20,Ahorn,37,27.8,126,0.6,gelb,Stadtrand,ja,Boden
07.11.20,Buche,165,170,70,0.3,braun,Stadtrand,nein,Boden
07.11.20,Buche,244,206,90,0.1,gelb,Stadtrand,nein,Baum
07.11.20,Birke,184,150,73,0.1,braun,Waldrand,nein,Boden
07.11.20,Ahorn,212,173,219,1.2,gruen,Stadtrand,nein,Boden
01.11.20,Ahorn,37,30,103,1,gelb,Waldrand,nein,Boden
01.11.20,Birke,118,104,50,0.5,gelb,Waldrand,nein,Boden
01.11.20,Birke,80,71,89,0.5,gelb,Waldrand,ja,Boden
01.11.20,Buche,51,43,98,0.5,gelb,Waldrand,nein,Baum
01.11.20,Buche,29,27,96,0.5,gruen,Waldrand,ja,Baum
01.11.20,Eiche,12,10,89,0.5,gruen,Waldrand,nein,Baum
01.11.20,Eiche,82,65,134,0.5,braun,Stadtrand,ja,Boden
01.11.20,Linde,167,140,84,0.5,gelb,Waldrand,ja,Boden
01.11.20,Linde,155,140,70,1,gruen,Waldrand,nein,Boden
15.11.20,Buche,145,138,70,0.13,gelb,Stadt,nein,Boden
15.11.20,Ahorn,246,217,140,0.6,braun,Stadt,ja,Boden
15.11.20,Birke,134,113,50,0.2,braun,Stadt,nein,Boden
15.11.20,Birke,141,144,60,0.05,braun,Stadt,nein,Boden
15.11.20,Ahorn,177,154,181,1,braun,Stadt,nein,Boden
15.11.20,Ahorn,143,88,200,0.7,braun,Stadt,nein,Boden
15.11.20,Buche,78,55,71,0.2,braun,Stadt,ja,Boden
15.11.20,Eiche,224,170,89,0.25,braun,Stadt,nein,Boden
15.11.20,Buche,142,112,70,0.15,braun,Stadt,nein,Boden
15.11.20,Birke,178,114,48,0.2,braun,Stadt,nein,Boden
13.11.20,Ahorn,84,92,91,0.5,gelb,Waldrand,nein,Boden
13.11.20,Buche,94,98,87,0.3,gruen,Waldrand,nein,Baum
13.11.20,Buche,97,79,71,0.15,gelb,Waldrand,nein,Boden
13.11.20,Birke,136,114,48,0.1,gelb,Waldrand,ja,Boden
13.11.20,Ahorn,45,38,122,0.9,braun,Wald,nein,Boden
13.11.20,Eiche,148,148,118,0.8,gruen,Waldrand,nein,Boden
13.11.20,Ahorn,62,60,150,1.6,rot,Wald,ja,Boden
13.11.20,Birke,112,102,72,0.2,gelb,Wald,ja,Baum
13.11.20,Birke,28,21,102,0.4,gelb,Waldrand,nein,Baum
13.11.20,Eiche,24,19,105,0.7,braun,Wald,ja,Baum
31.10.20,Eiche,250,200,90,0.5,,Waldrand,nein,Baum
31.10.20,Buche,25,19,110,0.2,,Wald,ja,Baum
31.10.20,Birke,150,116,48,0.1,,Wald,nein,Boden
31.10.20,Ahorn,18.5,15,155,2,,Waldrand,nein,Boden
13.11.20,Ahorn,28.7,19.6,236,0.9,gelb,Stadtrand,nein,Boden
14.11.20,Ahorn,48.7,42,73,0.5,gelb,Waldrand,ja,Baum
13.11.20,Birke,93.6,69,69,0.2,braun,Stadtrand,nein,Baum
14.11.20,Buche,67.5,63.8,85,0.4,gelb,Wald,nein,Baum
14.11.20,Buche,111,103.9,87,0.3,braun,Wald,nein,Boden
14.11.20,Buche,67.5,60.8,66,0.2,braun,Wald,nein,Boden
13.11.20,Eiche,256,242,98,0.45,braun,Waldrand,nein,Baum
14.11.20,Eiche,102.8,88.5,79,0.45,braun,Wald,nein,Boden
14.11.20,Eiche,126.5,112.5,152,0.8,braun,Wald,nein,Boden
01.11.20,Ahorn,149,140,120,2,gelb,Stadtrand,nein,Boden
01.11.20,Ahorn,141,124,85,1,gruen,Stadtrand,nein,Baum
01.11.20,Birke,9.5,8,65,0.5,gruen,Stadtrand,nein,Baum
01.11.20,Buche,59,44,100,0.8,gruen,Waldrand,nein,Baum
01.11.20,Birke,22,18,90,0.5,gruen,Waldrand,nein,Baum
01.11.20,Ahorn,139,84,50,0.2,rot,Stadtrand,nein,Boden
01.11.20,Birke,160,143,60,0.2,gruen,Stadtrand,nein,Boden
01.11.20,Eiche,285,260,120,0.7,braun,Stadtrand,nein,Boden
01.11.20,Buche,102,83,110,1,braun,Stadt,nein,Boden
11.11.20,Ahorn,130,117,180,6,gelb,Wald,nein,Boden
11.11.20,Ahorn,64,63,180,5,rot,Wald,nein,Boden
11.11.20,Ahorn,33,30,210,5,gelb,Wald,nein,Baum
11.11.20,Buche,164,153,120,4,braun,Wald,nein,Boden
11.11.20,Birke,23,18,90,2,gelb,Waldrand,nein,Boden
11.11.20,Eiche,74,59,150,4,braun,Wald,nein,Boden
11.11.20,Eiche,21,19,110,3,braun,Wald,nein,Boden
11.11.20,Linde,43,28,90,2,gelb,Wald,nein,Boden
11.11.20,Buche,29,25,100,2,braun,Wald,nein,Boden
11.11.20,Ahorn,67,63,160,5,rot,Wald,nein,Boden
16.11.20,Birke,67,56,7.5,0.25,gelb,Stadtrand,nein,Boden
16.11.20,Buche,29,22,20,2,braun,Stadt,nein,Boden
16.11.20,Buche,33,25,20.5,2.15,braun,Stadt,nein,Boden
16.11.20,Buche,75,63,19,1.95,braun,Waldrand,nein,Baum
16.11.20,Birke,75,68,7.7,0.25,gelb,Waldrand,nein,Boden
,Birke,60,55,60,0.2,gruen,Stadtrand,ja,Baum
,Linde,85,70,105,0.5,gelb,Stadtrand,ja,Boden
,Linde,90,80,110,0.6,gruen,Stadtrand,nein,Baum
,Linde,100,80,85,0.4,gelb,Stadtrand,ja,Boden
,Linde,75,70,105,0.4,gelb,Stadtrand,ja,Boden
,Eiche,50,80,130,0.6,gelb,Stadtrand,ja,Boden
,Eiche,70,65,120,0.6,braun,Stadtrand,ja,Boden
,Buche,110,45,110,0.5,gruen,Stadtrand,nein,Boden
,Birke,50,40,100,0.5,gelb,Stadtrand,ja,Boden
,Ahorn,25,20,155,0.7,gruen,Stadtrand,nein,Baum
07.11.20,Eiche,408,345,114,,braun,Stadtrand,nein,Boden
07.11.20,Ahorn,204,172,145,,gelb,Stadtrand,ja,Boden
07.11.20,Birke,226,157,41,64,gelb,Stadtrand,nein,Boden
07.11.20,Ahorn,439,392,263,,gelb,Stadtrand,ja,Boden
30.10.20,Ahorn,108,93,185,0.11,gelb,Wald,nein,Baum
30.10.20,Birke,95,84,76,0.05,gelb,Wald,ja,Baum
30.10.20,Linde,215,194,145,0.08,braun,Stadtrand,ja,Boden
30.10.20,Buche,165,148,80,0.07,braun,Wald,nein,Boden
30.10.20,Ahorn,124,115,158,0.08,gelb,Wald,nein,Baum
30.10.20,Birke,78,62,83,0.06,gelb,Wald,nein,Baum
30.10.20,Birke,135,123,65,0.05,gelb,Wald,ja,Baum
30.10.20,Ahorn,75,64,175,0.1,rot,Wald,nein,Baum
30.10.20,Buche,95,83,85,0.07,braun,Wald,ja,Boden
30.10.20,Eiche,93,87,125,0.09,rot,Stadtrand,nein,Boden
,Ahorn,300,240,170,3,gelb,Stadt,nein,Boden
,Eiche,470,276,115,2.5,braun,Stadt,nein,Boden
,Buche,488,256,98,2,braun,Stadt,nein,Boden
,Birke,132,84,64,2,gelb,Stadt,nein,Baum
,Birke,323,172,66,2,rot,Stadt,nein,Boden
,Linde,123,95,57,1.5,braun,Stadt,nein,
,Ahorn,310,200,170,3,braun,Stadt,nein,Boden
,Linde,160,136,98,2,braun,Stadt,nein,Boden
,Eiche,500,305,80,2,braun,Stadt,nein,Boden
,Buche,500,304,45,1,braun,Stadt,nein,Boden
05.11.20,Eiche,680,560,86,,braun,Wald,nein,Baum
05.11.20,Eiche,345,260,118,,gelb,Waldrand,nein,Boden
05.11.20,Eiche,180,125,89,,gelb,Wald,nein,Boden
05.11.20,Linde,460,380,115,,gelb,Wald,nein,Boden
05.11.20,Linde,128,105,74,,gelb,Wald,nein,Boden
05.11.20,Buche,410,382,118,,braun,Waldrand,ja,Baum
05.11.20,Buche,105,90,89,,rot,Waldrand,nein,Baum
05.11.20,Ahorn,87,65,93,,rot,Wald,nein,Boden
05.11.20,Ahorn,215,186,106,,gelb,Wald,ja,Baum
05.11.20,Ahorn,192,160,98,,gelb,Waldrand,nein,Boden
,Birke,70,95,40,0.1,braun,Stadtrand,nein,Boden
,Buche,245,223,104,0.3,gruen,Stadtrand,ja,Baum
,Buche,363,332,113,0.3,gelb,Stadtrand,ja,Baum
,Eiche,29,25,148,0.4,gruen,Stadtrand,ja,Baum
,Ahorn,41,27,114,0.4,rot,Stadtrand,ja,Boden
,Linde,338,352,92,0.2,gelb,Stadtrand,ja,Boden
,Eiche,54,47,127,0.2,braun,Stadtrand,nein,Baum
,Eiche,67,58,142,0.4,braun,Stadtrand,ja,Baum
,Buche,212,193,63,0.2,braun,Stadtrand,ja,Baum
,Buche,349,248,68,0.2,braun,Stadtrand,ja,Baum
07.11.20,Ahorn,65,58,95,1,,Wald,nein,Boden
07.11.20,Birke,72,55,75,0.3,,Wald,nein,Boden
07.11.20,Buche,336,276,116,0.2,,Waldrand,nein,Boden
07.11.20,Eiche,304,195,85,0.4,,Waldrand,nein,Boden
07.11.20,Linde,322,258,88,0.2,,Stadtrand,nein,Baum
28.10.20,Buche,226,201,105,,braun,Stadtrand,nein,Boden
28.10.20,Eiche,134,104,127,,gruen,Stadtrand,ja,Baum
28.10.20,Birke,260.5,204,80,,braun,Stadtrand,ja,Boden
28.10.20,Ahorn,142,110,83,,gruen,Stadtrand,nein,Baum
28.10.20,Ahorn,160,106,85,,gelb,Stadt,nein,Baum
29.10.20,Buche,166,151,95,,gruen,Wald,nein,Baum
29.10.20,Buche,85,72,96,,gruen,Wald,nein,Baum
30.10.20,Birke,235,226,68,,gruen,Wald,nein,Baum
30.10.20,Linde,119,95,100,,gruen,Stadt,nein,Baum
30.10.20,Birke,195,188,70,,braun,Stadtrand,ja,Boden
,Linde,35,28,140,,gelb,Wald,ja,Baum
,Eiche,20,16,171,,gruen,Wald,ja,Baum
,Eiche,157,118,142,,braun,Wald,nein,Boden
,Buche,120,113,105,,gelb,Wald,ja,Baum
,Buche,114,86,100,,rot,Waldrand,nein,Baum
,Ahorn,67,62,130,,rot,Stadtrand,nein,Baum
,Linde,56,48,155,,gelb,Waldrand,nein,Baum
,Birke,73,65,75,,gelb,Stadtrand,nein,Boden
,Ahorn,248,235,18,,gelb,Stadtrand,nein,Boden
06.11.20,Eiche,19,14,85,,braun,Wald,nein,Baum
06.11.20,Buche,66,56,74,,gelb,Waldrand,nein,Boden
06.11.20,Birke,49,30,64,,gelb,Wald,nein,Baum
06.11.20,Eiche,133,112,120,,braun,Stadtrand,ja,Baum
06.11.20,Ahorn,13,9,135,,gruen,Wald,nein,Baum
06.11.20,Buche,317,246,121,,gruen,Stadt,nein,Baum
06.11.20,Birke,86,69,78,,gruen,Stadt,ja,Boden
06.11.20,Linde,181,165,167,,gruen,Stadt,ja,Baum
06.11.20,Ahorn,261,254,207,,braun,Stadt,nein,Boden
28.10.20,Ahorn,58,48,95,0.5,gelb,Waldrand,ja,Boden
28.10.20,Ahorn,53,50,62,0.5,gelb,Stadt,nein,Baum
28.10.20,Buche,123,101,97,0.4,gelb,Stadt,nein,Boden
28.10.20,Buche,101,87,88,0.2,gelb,Stadt,ja,Boden
28.10.20,Birke,84,69,76,0.4,gelb,Wald,ja,Boden
30.10.20,Birke,170,127,75,0.4,gelb,Waldrand,ja,Boden
30.10.20,Eiche,215,185,80,0.4,braun,Stadt,nein,Boden
30.10.20,Eiche,236,202,130,0.6,braun,Stadt,nein,Boden
30.10.20,Linde,595,500,70,0.4,gelb,Waldrand,ja,Boden
30.10.20,Linde,385,310,65,0.4,gelb,Stadt,nein,Boden
11.11.20,Eiche,122,109,57,,braun,Stadtrand,ja,Baum
11.11.20,Eiche,210,175,129,,braun,Stadtrand,nein,Boden
11.11.20,Ahorn,185,149,260,,gelb,Stadtrand,ja,Boden
11.11.20,Ahorn,133,120,270,,braun,Stadtrand,nein,Boden
12.11.20,Linde,56,54,155,,gelb,Stadtrand,ja,Boden
12.11.20,Linde,98,72,138,,gruen,Stadtrand,ja,Baum
14.11.20,Birke,75,45,62,,gelb,Stadtrand,nein,Baum
14.11.20,Birke,82,50,71,,gruen,Stadtrand,ja,Baum
14.11.20,Birke,62,47,71,,rot,Stadtrand,nein,Boden
14.11.20,Birke,60,41,79,,braun,Stadtrand,ja,Boden
07.11.20,Buche,104,97,117,0.5,braun,Stadtrand,nein,Baum
07.11.20,Buche,89,87,90,0.5,braun,Stadtrand,nein,Baum
11.11.20,Buche,52,48,103,0.5,braun,Waldrand,nein,Boden
11.11.20,Buche,47,44,90,0.5,braun,Waldrand,nein,Baum
11.11.20,Buche,32,26,83,0.5,braun,Waldrand,nein,Baum
07.11.20,Ahorn,58,52,138,0.75,gelb,Waldrand,nein,Boden
07.11.20,Ahorn,60,52,270,0.75,gelb,Waldrand,nein,Boden
07.11.20,Ahorn,80,70,255,0.75,gelb,Stadtrand,nein,Boden
11.11.20,Ahorn,102,100,185,0.75,braun,Waldrand,nein,Baum
11.11.20,Birke,186,178,69,0.5,gelb,Waldrand,nein,Boden
,Ahorn,33.6,29.8,132,2.5,gelb,Wald,ja,Boden
,Eiche,32,22.2,80,2,braun,Waldrand,ja,Boden
,Birke,68.3,51.4,49,0.25,gelb,Wald,nein,Boden
,Buche,102,79.5,70,0.7,braun,Waldrand,ja,Baum
,Linde,135,127.5,82,1,gelb,Waldrand,nein,Boden
,Ahorn,170,160,180,,gelb,Waldrand,nein,Boden
,Ahorn,71,55,106,,gruen,Waldrand,ja,Boden
,Birke,52,45,52,,gelb,Waldrand,ja,Boden
,Buche,107,90,103,,rot,Waldrand,nein,Baum
,Linde,176,143,206,,gelb,Stadtrand,nein,Boden
,Eiche,96,83,92,,braun,Wald,nein,Boden
,Eiche,63,54,55,,braun,Wald,ja,Baum
,Eiche,124,111,101,,gelb,Wald,nein,Baum
,Ahorn,197,184,265,,rot,Stadtrand,ja,Boden
,Ahorn,182,168,261,,rot,Wald,nein,Boden
01.11.20,Birke,101,86,43,0.11,gelb,Stadtrand,nein,Baum
01.11.20,Birke,110,75,55,0.16,gelb,Stadtrand,nein,Baum
01.11.20,Buche,232,250,71,0.36,gelb,Stadtrand,nein,Baum
01.11.20,Buche,225,193,85,0.45,gelb,Stadtrand,nein,Baum
01.11.20,Linde,230,177,170,1.24,gelb,Stadtrand,ja,Baum
01.11.20,Linde,259,188,90,0.72,gelb,Stadtrand,ja,Boden
01.11.20,Eiche,175,158,110,0.4,gruen,Stadtrand,nein,Baum
01.11.20,Eiche,110,87,142,0.6,gruen,Stadtrand,ja,Baum
01.11.20,Ahorn,45,31,75,0.2,gruen,Stadtrand,nein,Baum
01.11.20,Ahorn,57,50,69,0.25,gruen,Stadtrand,nein,Baum
08.11.20,Buche,298,274,111,,gelb,Stadt,ja,Baum
08.11.20,Ahorn,247,233,117,,braun,Stadt,nein,Boden
08.11.20,Ahorn,262,255,159,,braun,Stadt,nein,Baum
08.11.20,Birke,87.1,69.4,73,,gelb,Stadt,nein,Boden
08.11.20,Birke,130.9,108.5,72,,braun,Stadt,nein,Boden
08.11.20,Ahorn,142.7,126.5,98,,gelb,Stadtrand,ja,Baum
08.11.20,Buche,288,244.3,99,,braun,Stadt,nein,Baum
08.11.20,Linde,183.6,165.4,86,,braun,Stadt,nein,Boden
08.11.20,Linde,51.2,45.5,105,,braun,Stadt,nein,Boden
08.11.20,Eiche,123.7,112.8,124,,braun,Stadtrand,nein,Boden
,Ahorn,97,94,176,2.1,braun,Waldrand,nein,Boden
,Buche,107,104,144,1.2,gruen,Stadt,nein,Baum
,Buche,67,61,102,0.9,gruen,Waldrand,ja,Baum
,Ahorn,25,20,124,0.8,rot,Stadt,nein,Boden
,Linde,120,104,113,0.6,gruen,Stadtrand,ja,Baum
,Ahorn,170,156,177,2.3,gelb,Waldrand,ja,Boden
,Buche,140,129,107,1.5,braun,Stadtrand,ja,Boden
,Ahorn,46,38,134,1,rot,Stadt,nein,Baum
,Linde,184,171,82,0.7,braun,Stadtrand,nein,Boden
,Eiche,197,188,85,1.3,gelb,Waldrand,nein,Boden
05.11.20,Buche,19,15,95,,gruen,Wald,nein,Baum
05.11.20,Eiche,33.6,33.1,179,,braun,Wald,nein,Boden
05.11.20,Ahorn,26.5,24,134,,gruen,Waldrand,nein,Baum
05.11.20,Eiche,97,86.7,106,,braun,Wald,ja,Boden
05.11.20,Ahorn,38.2,29.8,198,,gelb,Wald,nein,Baum
05.11.20,Eiche,83.5,72.1,146,,braun,Wald,nein,Baum
05.11.20,Ahorn,78.7,70,161,,gruen,Wald,nein,Baum
05.11.20,Buche,370,330,95,,gelb,Wald,nein,Boden
05.11.20,Linde,113,97,124,,gruen,Wald,nein,Baum
05.11.20,Birke,77.8,75.4,71,,gruen,Wald,nein,Baum
10.11.20,Eiche,135,127,10,2,gelb,Wald,ja,Boden
10.11.20,Buche,151,127,6,4,braun,Wald,nein,Boden
12.11.20,Eiche,141,108,12,5,braun,Stadtrand,nein,Boden
12.11.20,Buche,165,134,9,4,braun,Stadtrand,ja,Boden
12.11.20,Ahorn,232,171,13,8,gruen,Stadtrand,nein,Boden
12.11.20,Ahorn,332,274,18,10,braun,Stadtrand,nein,Baum
09.11.20,Birke,45,24,39,0.2,gelb,Stadt,nein,Baum
09.11.20,Ahorn,125,116,130,0.8,rot,Stadt,ja,Baum
09.11.20,Birke,158,127,55,0.3,braun,Stadt,nein,Boden
09.11.20,Ahorn,169,157,175,1,gruen,Stadt,ja,Boden
09.11.20,Buche,230,210,85,0.4,braun,Stadt,nein,Boden
09.11.20,Ahorn,310,298,105,0.7,rot,Stadtrand,nein,Baum
09.11.20,Birke,68,57,42,0.3,gelb,Stadtrand,nein,Baum
09.11.20,Linde,245,238,48,0.3,gelb,Stadtrand,nein,Boden
09.11.20,Birke,82,77,45,0.2,gelb,Stadt,nein,Baum
09.11.20,Ahorn,142,135,190,1.1,gruen,Stadtrand,ja,Baum
28.10.20,Birke,197,153,116,2,gruen,Stadt,nein,Baum
28.10.20,Birke,198,191,57,1,gruen,Stadt,nein,Baum
28.10.20,Birke,212,163,60,2,gelb,Stadt,ja,Boden
28.10.20,Ahorn,113,88,120,5,gelb,Stadt,nein,Baum
28.10.20,Ahorn,55,46,183,6,braun,Stadt,nein,Baum
28.10.20,Birke,248,166,47,1,gruen,Stadt,ja,Baum
28.10.20,Linde,102,89,75,4,gruen,Stadt,ja,Boden
31.10.20,Ahorn,109,103,56,2,gelb,Stadtrand,nein,Baum
03.11.20,Buche,149,121,97,3,braun,Stadtrand,ja,Baum
03.11.20,Linde,45,37,73,2,gelb,Stadtrand,ja,Boden
30.10.20,Buche,155,130,92,0.3,,Waldrand,nein,Baum
30.10.20,Buche,75,55,86,0.4,,Waldrand,nein,Baum
30.10.20,Ahorn,90,75,129,0.8,,Waldrand,ja,Baum
30.10.20,Eiche,120,100,138,0.3,,Stadtrand,nein,Baum
30.10.20,Linde,140,130,116,0.2,,Stadtrand,nein,Baum
30.10.20,Birke,100,70,54,0.1,,Stadtrand,ja,Baum
30.10.20,Ahorn,150,130,167,4.3,,Waldrand,nein,Baum
03.10.20,Birke,165,120,45,0.5,gelb,Stadtrand,nein,Baum
03.10.20,Eiche,91.5,70.5,142,1,braun,Stadtrand,ja,Boden
03.10.20,Birke,134,45,78,0.2,gelb,Stadtrand,nein,Boden
03.10.20,Buche,312,170,85,0.2,gelb,Stadtrand,nein,Boden
03.10.20,Buche,340,120,82,0.2,gelb,Stadtrand,nein,Boden
08.11.20,Ahorn,92,86,105,1,braun,Stadtrand,ja,Boden
08.11.20,Ahorn,115,95,134,2,rot,Stadtrand,ja,Boden
08.11.20,Birke,48,46,45,1,gelb,Stadtrand,nein,Boden
08.11.20,Buche,262,242,75,0.5,rot,Stadtrand,ja,Boden
09.11.20,Eiche,142,144,161,1,braun,Waldrand,nein,Boden
06.11.20,Eiche,210,135,71,0.5,gelb,Stadt,nein,Boden
08.11.20,Linde,140,120,141,2,gelb,Stadtrand,nein,Boden
08.11.20,Linde,101,85,95,0.5,gelb,Stadtrand,nein,Boden
29.10.20,Ahorn,102,101,135,0.7,gelb,Stadt,nein,Boden
29.10.20,Ahorn,129,128,80,0.4,gruen,Waldrand,nein,Baum
29.10.20,Birke,190,187,50,0.32,gelb,Stadt,nein,Boden
29.10.20,Birke,176,161,60,0.37,gruen,Stadt,nein,Boden
29.10.20,Buche,42,33,86,0.42,gruen,Wald,nein,Baum
29.10.20,Buche,36,34,80,0.41,rot,Wald,nein,Baum
29.10.20,Buche,50,47,91,0.6,gruen,Wald,ja,Baum
29.10.20,Buche,29,24,77,0.36,gelb,Wald,nein,Baum
29.10.20,Buche,98,97,82,0.43,braun,Wald,ja,Baum
29.10.20,Buche,36,28,71,0.39,braun,Wald,nein,Baum
28.10.20,Birke,172,150,84,0.5,gruen,Stadt,ja,Baum
28.10.20,Buche,74,66.5,95,0.5,braun,Stadtrand,nein,Baum
28.10.20,Linde,313,230,66,0.5,gelb,Stadtrand,nein,Boden
28.10.20,Eiche,137,113.5,116,0.3,gelb,Stadtrand,nein,Baum
28.10.20,Ahorn,187,115,190,1,gelb,Stadt,nein,Boden
07.11.20,Birke,120,83,110,0.3,gelb,Stadt,ja,Boden
07.11.20,Ahorn,272,220,185,0.4,gelb,Stadt,ja,Boden
07.11.20,Buche,198,149,125,0.2,gruen,Stadt,nein,Baum
07.11.20,Buche,185,150,111,0.4,gelb,Wald,ja,Baum
07.11.20,Ahorn,190,175,200,0.5,gruen,Waldrand,nein,Baum
11.11.20,Birke,53,47,34,2,rot,Stadtrand,ja,Boden
11.11.20,Buche,53,43,76,5,braun,Stadtrand,ja,Baum
11.11.20,Birke,40,36,28,2,braun,Stadtrand,nein,Boden
11.11.20,Ahorn,75,67,128,7,rot,Stadtrand,nein,Boden
11.11.20,Eiche,62,55,46,5,braun,Stadtrand,nein,Boden
11.11.20,Eiche,66,58,42,5,gelb,Stadtrand,nein,Boden
11.11.20,Eiche,118,104,67,6,gruen,Stadtrand,nein,Baum
11.11.20,Ahorn,60,54,132,8,braun,Stadtrand,ja,Boden
11.11.20,Ahorn,104,98,143,8,gruen,Stadtrand,nein,Baum
11.11.20,Ahorn,33,30,97,6,gruen,Stadtrand,nein,Baum
05.11.20,Buche,316.2,247.1,86,,braun,Stadtrand,ja,Boden
05.11.20,Ahorn,180,157,148,,rot,Stadtrand,nein,Boden
05.11.20,Birke,87.1,69.4,58,,gelb,Stadtrand,nein,Boden
05.11.20,Ahorn,262,255.5,161,,braun,Stadtrand,ja,Boden
05.11.20,Ahorn,143.8,126.5,137,,gelb,Stadtrand,nein,Baum
05.11.20,Birke,130.9,108.5,60,,gelb,Stadtrand,ja,Baum
05.11.20,Linde,183.6,165.4,108,,gelb,Stadtrand,ja,Baum
05.11.20,Buche,288.3,244.6,66,,braun,Stadtrand,nein,Boden
05.11.20,Linde,51.2,45.5,51,,braun,Stadt,nein,Baum
05.11.20,Eiche,123.7,112.8,124,,braun,Stadt,nein,Boden
02.11.20,Ahorn,123,105,94,3,rot,Stadtrand,nein,Boden
02.11.20,Linde,140,120,141,2,gelb,Stadtrand,nein,Boden
05.11.20,Birke,53,49,45,1,gelb,Stadtrand,nein,Boden
05.11.20,Eiche,142,144,161,1,braun,Waldrand,nein,Boden
05.11.20,Buche,165,160,62,2,gelb,Stadtrand,nein,Boden
05.11.20,Linde,92,70,90,0.5,gelb,Stadtrand,ja,Boden
06.11.20,Ahorn,88,82,188,2,braun,Stadtrand,ja,Boden
06.11.20,Buche,180,175,90,2,braun,Wald,nein,Boden
16.11.20,Ahorn,20,16,145,,rot,Stadt,nein,Boden
16.11.20,Ahorn,30,27,178,,gelb,Stadtrand,nein,Baum
16.11.20,Eiche,56,49,86,,braun,Waldrand,ja,Boden
16.11.20,Linde,43,39,81,,gelb,Wald,nein,Boden
16.11.20,Buche,40,37,75,,braun,Wald,ja,Boden
16.11.20,Birke,36,32,51,,braun,Stadtrand,nein,Boden
16.11.20,Ahorn,31,26,93,,rot,Stadt,nein,Baum
16.11.20,Linde,51,47,97,,gelb,Waldrand,ja,Boden
16.11.20,Buche,45,41,100,,braun,Waldrand,nein,Boden
16.11.20,Eiche,63,57,89,,braun,Waldrand,nein,Boden
28.10.20,Eiche,226,172,115,1,gruen,Wald,ja,Baum
28.10.20,Ahorn,62,46,150,3,gelb,Waldrand,nein,Boden
29.10.20,Linde,145,114,130,2.5,braun,Stadtrand,nein,Boden
29.10.20,Ahorn,183,171,90,1.5,braun,Wald,nein,Boden
29.10.20,Ahorn,54,40,55,0.3,gelb,Stadtrand,nein,Baum
29.10.20,Linde,83,66,110,0.75,gelb,Stadtrand,ja,Baum
02.11.20,Birke,155,91,90,0.5,gelb,Stadtrand,ja,Boden
03.11.20,Ahorn,78,44,80,1,rot,Stadtrand,nein,Baum
03.11.20,Linde,178,128,130,2,gruen,Stadt,ja,Boden
03.11.20,Buche,91,82,66,0.5,gruen,Stadt,nein,Baum
14.11.20,Ahorn,25,19.5,110,0.5,gelb,Waldrand,nein,Boden
14.11.20,Eiche,150,131,95,0.25,braun,Waldrand,nein,Boden
15.11.20,Eiche,160,129,85,0.25,braun,Wald,nein,Boden
15.11.20,Buche,110,60,55,0.25,braun,Wald,nein,Baum
15.11.20,Buche,210,175,83,0.25,braun,Waldrand,ja,Boden
14.11.20,Linde,67,57.5,95,0.5,braun,Waldrand,ja,Boden
15.11.20,Buche,40,28,100,0.5,gelb,Waldrand,ja,Baum
15.11.20,Birke,64,47,82,0.25,braun,Waldrand,ja,Boden
14.11.20,Ahorn,130,109,95,0.5,gruen,Wald,ja,Boden
14.11.20,Buche,25,16,98,0.5,gelb,Waldrand,ja,Boden
